title,slug,category_id
Nhà Sách Tiki,nha-sach-tiki,8322
Nhà Cửa - Đời Sống,nha-cua-doi-song,1883
Điện Thoại - Máy Tính Bảng,dien-thoai-may-tinh-bang,1789
Đồ Chơi - Mẹ & Bé,do-choi-me-be,2549
Thiết Bị Số - Phụ Kiện Số,thiet-bi-kts-phu-kien-so,1815
Điện Gia Dụng,dien-gia-dung,1882
Làm Đẹp - Sức Khỏe,lam-dep-suc-khoe,1520
Ô Tô - Xe Máy - Xe Đạp,o-to-xe-may-xe-dap,8594
Thời trang nữ,thoi-trang-nu,931
Bách Hóa Online,bach-hoa-online,4384
Thể Thao - Dã Ngoại,the-thao-da-ngoai,1975
Thời trang nam,thoi-trang-nam,915
Cross Border - Hàng Quốc Tế,cross-border-hang-quoc-te,17166
Laptop - Máy Vi Tính - Linh kiện,laptop-may-vi-tinh-linh-kien,1846
Giày - Dép nam,giay-dep-nam,1686
Điện Tử - Điện Lạnh,dien-tu-dien-lanh,4221
Giày - Dép nữ,giay-dep-nu,1703
Máy Ảnh - Máy Quay Phim,may-anh,1801
Phụ kiện thời trang,phu-kien-thoi-trang,27498
NGON,ngon,44792
Đồng hồ và Trang sức,dong-ho-va-trang-suc,8371
Balo và Vali,balo-va-vali,6000
Voucher - Dịch vụ,voucher-dich-vu,11312
Túi thời trang nữ,tui-vi-nu,976
Túi thời trang nam,tui-thoi-trang-nam,27616
Chăm sóc nhà cửa,cham-soc-nha-cua,15078
